"Área de referencia","Fuente","Actividad económica","Año","Mujeres","Hombres"
"Argentina","EFT - Encuesta Permanente de Hogares, Urbano","Total","2024","5927","7408.4"
"Argentina","EFT - Encuesta Permanente de Hogares, Urbano","A. Agricultura; ganadería; silvicultura y pesca","2024","19.2","61.5"
"Argentina","EFT - Encuesta Permanente de Hogares, Urbano","B. Explotación de minas y canteras","2024","9.9","54.9"
"Argentina","EFT - Encuesta Permanente de Hogares, Urbano","C. Industrias manufactureras","2024","449","961.9"
"Argentina","EFT - Encuesta Permanente de Hogares, Urbano","D. Suministro de electricidad, gas; vapor y aire acondicionado","2024","9.7","43.5"
"Argentina","EFT - Encuesta Permanente de Hogares, Urbano","E. Suministro de agua; evacuación de aguas residuales, gestión de desechos y descontaminación","2024","16.2","77"
"Argentina","EFT - Encuesta Permanente de Hogares, Urbano","F. Construcción","2024","52","1083.8"
"Argentina","EFT - Encuesta Permanente de Hogares, Urbano","G. Comercio al por mayor y al por menor; reparación de vehículos automotores y motocicletas","2024","1069.9","1395.4"
"Argentina","EFT - Encuesta Permanente de Hogares, Urbano","H. Transporte y almacenamiento","2024","86.3","652.8"
"Argentina","EFT - Encuesta Permanente de Hogares, Urbano","I. Actividades de alojamiento y de servicio de comidas","2024","302.1","317.9"
"Argentina","EFT - Encuesta Permanente de Hogares, Urbano","J. Información y comunicaciones","2024","102.3","230.4"
"Argentina","EFT - Encuesta Permanente de Hogares, Urbano","K. Actividades financieras y de seguros","2024","135.8","166"
"Argentina","EFT - Encuesta Permanente de Hogares, Urbano","L. Actividades inmobiliarias","2024","46.1","47.4"
"Argentina","EFT - Encuesta Permanente de Hogares, Urbano","M. Actividades profesionales, científicas y técnicas","2024","278.6","287.4"
"Argentina","EFT - Encuesta Permanente de Hogares, Urbano","N. Actividades de servicios administrativos y de apoyo","2024","194.7","395.5"
"Argentina","EFT - Encuesta Permanente de Hogares, Urbano","O. Administración pública y defensa; planes de seguridad social de afiliación obligatoria","2024","459","564.3"
"Argentina","EFT - Encuesta Permanente de Hogares, Urbano","P. Enseñanza","2024","685.2","225.1"
"Argentina","EFT - Encuesta Permanente de Hogares, Urbano","Q. Actividades de atención de la salud humana y de asistencia social","2024","642.1","272.2"
"Argentina","EFT - Encuesta Permanente de Hogares, Urbano","R. Actividades artísticas, de entretenimiento y recreativas","2024","104.7","142.1"
"Argentina","EFT - Encuesta Permanente de Hogares, Urbano","S. Otras actividades de servicios","2024","296.3","259.2"
"Argentina","EFT - Encuesta Permanente de Hogares, Urbano","T. Actividades de los hogares como empleadores; actividades no diferenciadas de los hogares como productores de bienes y servicios para uso propio","2024","806.2","31.6"
"Argentina","EFT - Encuesta Permanente de Hogares, Urbano","U. Actividades de organizaciones y órganos extraterritoriales","2024",,
"Argentina","EFT - Encuesta Permanente de Hogares, Urbano","X. No clasificados en otra parte","2024","161.2","138.1"
"Bahamas","EFT - Encuesta de fuerza laboral y hogares","Total","2019","101.7","109.6"
"Bahamas","EFT - Encuesta de fuerza laboral y hogares","A. Agricultura; ganadería; silvicultura y pesca","2019","0.1","1.8"
"Bahamas","EFT - Encuesta de fuerza laboral y hogares","B. Explotación de minas y canteras","2019","0.9","2.1"
"Bahamas","EFT - Encuesta de fuerza laboral y hogares","C. Industrias manufactureras","2019","2.2","3.8"
"Bahamas","EFT - Encuesta de fuerza laboral y hogares","D. Suministro de electricidad, gas; vapor y aire acondicionado","2019","0.3","1.3"
"Bahamas","EFT - Encuesta de fuerza laboral y hogares","E. Suministro de agua; evacuación de aguas residuales, gestión de desechos y descontaminación","2019","0.2","1.5"
"Bahamas","EFT - Encuesta de fuerza laboral y hogares","F. Construcción","2019","0.4","17.8"
"Bahamas","EFT - Encuesta de fuerza laboral y hogares","G. Comercio al por mayor y al por menor; reparación de vehículos automotores y motocicletas","2019","15","15.6"
"Bahamas","EFT - Encuesta de fuerza laboral y hogares","H. Transporte y almacenamiento","2019","4.2","9.4"
"Bahamas","EFT - Encuesta de fuerza laboral y hogares","I. Actividades de alojamiento y de servicio de comidas","2019","22.5","16.9"
"Bahamas","EFT - Encuesta de fuerza laboral y hogares","J. Información y comunicaciones","2019","2","2.5"
"Bahamas","EFT - Encuesta de fuerza laboral y hogares","K. Actividades financieras y de seguros","2019","5.9","1.9"
"Bahamas","EFT - Encuesta de fuerza laboral y hogares","L. Actividades inmobiliarias","2019","0.5","0.9"
"Bahamas","EFT - Encuesta de fuerza laboral y hogares","M. Actividades profesionales, científicas y técnicas","2019","2.4","2.2"
"Bahamas","EFT - Encuesta de fuerza laboral y hogares","N. Actividades de servicios administrativos y de apoyo","2019","2.6","8.1"
"Bahamas","EFT - Encuesta de fuerza laboral y hogares","O. Administración pública y defensa; planes de seguridad social de afiliación obligatoria","2019","11.9","11.7"
"Bahamas","EFT - Encuesta de fuerza laboral y hogares","P. Enseñanza","2019","10.3","2.4"
"Bahamas","EFT - Encuesta de fuerza laboral y hogares","Q. Actividades de atención de la salud humana y de asistencia social","2019","5.3","1.7"
"Bahamas","EFT - Encuesta de fuerza laboral y hogares","R. Actividades artísticas, de entretenimiento y recreativas","2019","3.5","3.2"
"Bahamas","EFT - Encuesta de fuerza laboral y hogares","S. Otras actividades de servicios","2019","5.6","2"
"Bahamas","EFT - Encuesta de fuerza laboral y hogares","T. Actividades de los hogares como empleadores; actividades no diferenciadas de los hogares como productores de bienes y servicios para uso propio","2019","4.5","1.8"
"Bahamas","EFT - Encuesta de fuerza laboral y hogares","U. Actividades de organizaciones y órganos extraterritoriales","2019","0.8","0.6"
"Bahamas","EFT - Encuesta de fuerza laboral y hogares","X. No clasificados en otra parte","2019","0.3","0.4"
"Belice","EFT - Encuesta de la Fuerza de Trabajo","Total","2019","65.2","101.1"
"Belice","EFT - Encuesta de la Fuerza de Trabajo","A. Agricultura; ganadería; silvicultura y pesca","2019","4.6","23.3"
"Belice","EFT - Encuesta de la Fuerza de Trabajo","B. Explotación de minas y canteras","2019",,"0.2"
"Belice","EFT - Encuesta de la Fuerza de Trabajo","C. Industrias manufactureras","2019","5.2","8.1"
"Belice","EFT - Encuesta de la Fuerza de Trabajo","D. Suministro de electricidad, gas; vapor y aire acondicionado","2019","0.2","0.9"
"Belice","EFT - Encuesta de la Fuerza de Trabajo","F. Construcción","2019","0.1","11.3"
"Belice","EFT - Encuesta de la Fuerza de Trabajo","G. Comercio al por mayor y al por menor; reparación de vehículos automotores y motocicletas","2019","13.1","15.3"
"Belice","EFT - Encuesta de la Fuerza de Trabajo","H. Transporte y almacenamiento","2019","1","4"
"Belice","EFT - Encuesta de la Fuerza de Trabajo","K. Actividades financieras y de seguros","2019","2.1","1.4"
"Belice","EFT - Encuesta de la Fuerza de Trabajo","L. Actividades inmobiliarias","2019","3.5","4.9"
"Belice","EFT - Encuesta de la Fuerza de Trabajo","N. Actividades de servicios administrativos y de apoyo","2019","12.6","14.7"
"Belice","EFT - Encuesta de la Fuerza de Trabajo","O. Administración pública y defensa; planes de seguridad social de afiliación obligatoria","2019","7.1","9.7"
"Belice","EFT - Encuesta de la Fuerza de Trabajo","Q. Actividades de atención de la salud humana y de asistencia social","2019","15.4","6.8"
"Belice","EFT - Encuesta de la Fuerza de Trabajo","X. No clasificados en otra parte","2019","0.3","0.7"
"Bolivia (Estado Plurinacional de)","EFT - Encuesta Continua de Empleo","Total","2024","3258.3","3564.3"
"Bolivia (Estado Plurinacional de)","EFT - Encuesta Continua de Empleo","A. Agricultura; ganadería; silvicultura y pesca","2024","763.5","818.5"
"Bolivia (Estado Plurinacional de)","EFT - Encuesta Continua de Empleo","B. Explotación de minas y canteras","2024","8.6","90"
"Bolivia (Estado Plurinacional de)","EFT - Encuesta Continua de Empleo","C. Industrias manufactureras","2024","414.7","436.5"
"Bolivia (Estado Plurinacional de)","EFT - Encuesta Continua de Empleo","D. Suministro de electricidad, gas; vapor y aire acondicionado","2024","6.1","8.8"
"Bolivia (Estado Plurinacional de)","EFT - Encuesta Continua de Empleo","E. Suministro de agua; evacuación de aguas residuales, gestión de desechos y descontaminación","2024","1.4","6.7"
"Bolivia (Estado Plurinacional de)","EFT - Encuesta Continua de Empleo","F. Construcción","2024","18.2","474.6"
"Bolivia (Estado Plurinacional de)","EFT - Encuesta Continua de Empleo","G. Comercio al por mayor y al por menor; reparación de vehículos automotores y motocicletas","2024","751.2","510"
"Bolivia (Estado Plurinacional de)","EFT - Encuesta Continua de Empleo","H. Transporte y almacenamiento","2024","25.6","449.3"
"Bolivia (Estado Plurinacional de)","EFT - Encuesta Continua de Empleo","I. Actividades de alojamiento y de servicio de comidas","2024","462.7","134.2"
"Bolivia (Estado Plurinacional de)","EFT - Encuesta Continua de Empleo","J. Información y comunicaciones","2024","8.1","28"
"Bolivia (Estado Plurinacional de)","EFT - Encuesta Continua de Empleo","K. Actividades financieras y de seguros","2024","22.7","27.7"
"Bolivia (Estado Plurinacional de)","EFT - Encuesta Continua de Empleo","L. Actividades inmobiliarias","2024","16","16.9"
"Bolivia (Estado Plurinacional de)","EFT - Encuesta Continua de Empleo","M. Actividades profesionales, científicas y técnicas","2024","56.4","74.6"
"Bolivia (Estado Plurinacional de)","EFT - Encuesta Continua de Empleo","N. Actividades de servicios administrativos y de apoyo","2024","72.4","70.8"
"Bolivia (Estado Plurinacional de)","EFT - Encuesta Continua de Empleo","O. Administración pública y defensa; planes de seguridad social de afiliación obligatoria","2024","51.3","97.9"
"Bolivia (Estado Plurinacional de)","EFT - Encuesta Continua de Empleo","P. Enseñanza","2024","175.7","123.2"
"Bolivia (Estado Plurinacional de)","EFT - Encuesta Continua de Empleo","Q. Actividades de atención de la salud humana y de asistencia social","2024","144.8","63.1"
"Bolivia (Estado Plurinacional de)","EFT - Encuesta Continua de Empleo","R. Actividades artísticas, de entretenimiento y recreativas","2024","13.3","43.1"
"Bolivia (Estado Plurinacional de)","EFT - Encuesta Continua de Empleo","S. Otras actividades de servicios","2024","111.6","72.5"
"Bolivia (Estado Plurinacional de)","EFT - Encuesta Continua de Empleo","T. Actividades de los hogares como empleadores; actividades no diferenciadas de los hogares como productores de bienes y servicios para uso propio","2024","133","4.8"
"Bolivia (Estado Plurinacional de)","EFT - Encuesta Continua de Empleo","U. Actividades de organizaciones y órganos extraterritoriales","2024","0.4","0.6"
"Bolivia (Estado Plurinacional de)","EFT - Encuesta Continua de Empleo","X. No clasificados en otra parte","2024","0.7","12.6"
"Brasil","EH - Pesquisa Nacional por Amostra de Domicílios Contínua","Total","2025","44449.8","58004.1"
"Brasil","EH - Pesquisa Nacional por Amostra de Domicílios Contínua","A. Agricultura; ganadería; silvicultura y pesca","2025","1421.5","6282.2"
"Brasil","EH - Pesquisa Nacional por Amostra de Domicílios Contínua","B. Explotación de minas y canteras","2025","101.3","494.8"
"Brasil","EH - Pesquisa Nacional por Amostra de Domicílios Contínua","C. Industrias manufactureras","2025","4149.3","7718.6"
"Brasil","EH - Pesquisa Nacional por Amostra de Domicílios Contínua","D. Suministro de electricidad, gas; vapor y aire acondicionado","2025","55.7","199.2"
"Brasil","EH - Pesquisa Nacional por Amostra de Domicílios Contínua","E. Suministro de agua; evacuación de aguas residuales, gestión de desechos y descontaminación","2025","114.4","399.2"
"Brasil","EH - Pesquisa Nacional por Amostra de Domicílios Contínua","F. Construcción","2025","344.2","7091.2"
"Brasil","EH - Pesquisa Nacional por Amostra de Domicílios Contínua","G. Comercio al por mayor y al por menor; reparación de vehículos automotores y motocicletas","2025","8181.9","11232"
"Brasil","EH - Pesquisa Nacional por Amostra de Domicílios Contínua","H. Transporte y almacenamiento","2025","736.3","5210.6"
"Brasil","EH - Pesquisa Nacional por Amostra de Domicílios Contínua","I. Actividades de alojamiento y de servicio de comidas","2025","3061.7","2379.8"
"Brasil","EH - Pesquisa Nacional por Amostra de Domicílios Contínua","J. Información y comunicaciones","2025","500","1279.5"
"Brasil","EH - Pesquisa Nacional por Amostra de Domicílios Contínua","K. Actividades financieras y de seguros","2025","785.4","858.9"
"Brasil","EH - Pesquisa Nacional por Amostra de Domicílios Contínua","L. Actividades inmobiliarias","2025","350.9","422.3"
"Brasil","EH - Pesquisa Nacional por Amostra de Domicílios Contínua","M. Actividades profesionales, científicas y técnicas","2025","2184.7","2122.9"
"Brasil","EH - Pesquisa Nacional por Amostra de Domicílios Contínua","N. Actividades de servicios administrativos y de apoyo","2025","1716.9","2578.5"
"Brasil","EH - Pesquisa Nacional por Amostra de Domicílios Contínua","O. Administración pública y defensa; planes de seguridad social de afiliación obligatoria","2025","2052.1","3202.7"
"Brasil","EH - Pesquisa Nacional por Amostra de Domicílios Contínua","P. Enseñanza","2025","4839.4","1820.8"
"Brasil","EH - Pesquisa Nacional por Amostra de Domicílios Contínua","Q. Actividades de atención de la salud humana y de asistencia social","2025","5385.1","1633.1"
"Brasil","EH - Pesquisa Nacional por Amostra de Domicílios Contínua","R. Actividades artísticas, de entretenimiento y recreativas","2025","455.5","749"
"Brasil","EH - Pesquisa Nacional por Amostra de Domicílios Contínua","S. Otras actividades de servicios","2025","2674.5","1618.4"
"Brasil","EH - Pesquisa Nacional por Amostra de Domicílios Contínua","T. Actividades de los hogares como empleadores; actividades no diferenciadas de los hogares como productores de bienes y servicios para uso propio","2025","5180.9","478.4"
"Brasil","EH - Pesquisa Nacional por Amostra de Domicílios Contínua","U. Actividades de organizaciones y órganos extraterritoriales","2025","2.3","2.4"
"Brasil","EH - Pesquisa Nacional por Amostra de Domicílios Contínua","X. No clasificados en otra parte","2025","155.9","229.6"
"Barbados","EFT - Encuesta de la Fuerza de Trabajo","Total","2023","60.1","63.8"
"Barbados","EFT - Encuesta de la Fuerza de Trabajo","A. Agricultura; ganadería; silvicultura y pesca","2023","0.5","1.2"
"Barbados","EFT - Encuesta de la Fuerza de Trabajo","B. Explotación de minas y canteras","2023",,
"Barbados","EFT - Encuesta de la Fuerza de Trabajo","C. Industrias manufactureras","2023","2.7","4.5"
"Barbados","EFT - Encuesta de la Fuerza de Trabajo","D. Suministro de electricidad, gas; vapor y aire acondicionado","2023","0.7","1"
"Barbados","EFT - Encuesta de la Fuerza de Trabajo","E. Suministro de agua; evacuación de aguas residuales, gestión de desechos y descontaminación","2023","0.2","0.5"
"Barbados","EFT - Encuesta de la Fuerza de Trabajo","F. Construcción","2023","0.6","9.8"
"Barbados","EFT - Encuesta de la Fuerza de Trabajo","G. Comercio al por mayor y al por menor; reparación de vehículos automotores y motocicletas","2023","8.7","9.9"
"Barbados","EFT - Encuesta de la Fuerza de Trabajo","H. Transporte y almacenamiento","2023","1.8","3.8"
"Barbados","EFT - Encuesta de la Fuerza de Trabajo","I. Actividades de alojamiento y de servicio de comidas","2023","7.8","5.3"
"Barbados","EFT - Encuesta de la Fuerza de Trabajo","J. Información y comunicaciones","2023","0.8","0.9"
"Barbados","EFT - Encuesta de la Fuerza de Trabajo","K. Actividades financieras y de seguros","2023","4","1.5"
"Barbados","EFT - Encuesta de la Fuerza de Trabajo","L. Actividades inmobiliarias","2023","0.3","0.5"
"Barbados","EFT - Encuesta de la Fuerza de Trabajo","M. Actividades profesionales, científicas y técnicas","2023","1.9","1.4"
"Barbados","EFT - Encuesta de la Fuerza de Trabajo","N. Actividades de servicios administrativos y de apoyo","2023","2.9","3.7"
"Barbados","EFT - Encuesta de la Fuerza de Trabajo","O. Administración pública y defensa; planes de seguridad social de afiliación obligatoria","2023","6.4","6.2"
"Barbados","EFT - Encuesta de la Fuerza de Trabajo","P. Enseñanza","2023","4.1","1.9"
"Barbados","EFT - Encuesta de la Fuerza de Trabajo","Q. Actividades de atención de la salud humana y de asistencia social","2023","9.2","6.4"
"Barbados","EFT - Encuesta de la Fuerza de Trabajo","R. Actividades artísticas, de entretenimiento y recreativas","2023","0.8","1.1"
"Barbados","EFT - Encuesta de la Fuerza de Trabajo","S. Otras actividades de servicios","2023","2","1.4"
"Barbados","EFT - Encuesta de la Fuerza de Trabajo","T. Actividades de los hogares como empleadores; actividades no diferenciadas de los hogares como productores de bienes y servicios para uso propio","2023","3.2","1.1"
"Barbados","EFT - Encuesta de la Fuerza de Trabajo","U. Actividades de organizaciones y órganos extraterritoriales","2023","1.3","1.5"
"Chile","EFT - Encuesta Nacional de Empleo","Total","2025","4065.9","5349"
"Chile","EFT - Encuesta Nacional de Empleo","A. Agricultura; ganadería; silvicultura y pesca","2025","136.8","432.1"
"Chile","EFT - Encuesta Nacional de Empleo","B. Explotación de minas y canteras","2025","44.8","259.4"
"Chile","EFT - Encuesta Nacional de Empleo","C. Industrias manufactureras","2025","293.2","605.8"
"Chile","EFT - Encuesta Nacional de Empleo","D. Suministro de electricidad, gas; vapor y aire acondicionado","2025","12.9","36.9"
"Chile","EFT - Encuesta Nacional de Empleo","E. Suministro de agua; evacuación de aguas residuales, gestión de desechos y descontaminación","2025","14.6","57.2"
"Chile","EFT - Encuesta Nacional de Empleo","F. Construcción","2025","65","655.7"
"Chile","EFT - Encuesta Nacional de Empleo","G. Comercio al por mayor y al por menor; reparación de vehículos automotores y motocicletas","2025","795.6","949.2"
"Chile","EFT - Encuesta Nacional de Empleo","H. Transporte y almacenamiento","2025","106.1","485.8"
"Chile","EFT - Encuesta Nacional de Empleo","I. Actividades de alojamiento y de servicio de comidas","2025","261.1","196"
"Chile","EFT - Encuesta Nacional de Empleo","J. Información y comunicaciones","2025","70.2","155.4"
"Chile","EFT - Encuesta Nacional de Empleo","K. Actividades financieras y de seguros","2025","102.6","102.5"
"Chile","EFT - Encuesta Nacional de Empleo","L. Actividades inmobiliarias","2025","42.1","54.2"
"Chile","EFT - Encuesta Nacional de Empleo","M. Actividades profesionales, científicas y técnicas","2025","161.9","197.1"
"Chile","EFT - Encuesta Nacional de Empleo","N. Actividades de servicios administrativos y de apoyo","2025","153.9","163.5"
"Chile","EFT - Encuesta Nacional de Empleo","O. Administración pública y defensa; planes de seguridad social de afiliación obligatoria","2025","237.9","301.4"
"Chile","EFT - Encuesta Nacional de Empleo","P. Enseñanza","2025","579.7","222.2"
"Chile","EFT - Encuesta Nacional de Empleo","Q. Actividades de atención de la salud humana y de asistencia social","2025","516.1","207.4"
"Chile","EFT - Encuesta Nacional de Empleo","R. Actividades artísticas, de entretenimiento y recreativas","2025","43.3","69.1"
"Chile","EFT - Encuesta Nacional de Empleo","S. Otras actividades de servicios","2025","180.9","150.5"
"Chile","EFT - Encuesta Nacional de Empleo","T. Actividades de los hogares como empleadores; actividades no diferenciadas de los hogares como productores de bienes y servicios para uso propio","2025","234.5","27"
"Chile","EFT - Encuesta Nacional de Empleo","U. Actividades de organizaciones y órganos extraterritoriales","2025","2.1","1.5"
"Chile","EFT - Encuesta Nacional de Empleo","X. No clasificados en otra parte","2025","10.8","19.3"
"Colombia","EFT - Gran Encuesta Integrada de Hogares","Total","2025","9892.9","13934.5"
"Colombia","EFT - Gran Encuesta Integrada de Hogares","A. Agricultura; ganadería; silvicultura y pesca","2025","576.9","2809.2"
"Colombia","EFT - Gran Encuesta Integrada de Hogares","B. Explotación de minas y canteras","2025","43.9","262.2"
"Colombia","EFT - Gran Encuesta Integrada de Hogares","C. Industrias manufactureras","2025","1093","1516.3"
"Colombia","EFT - Gran Encuesta Integrada de Hogares","D. Suministro de electricidad, gas; vapor y aire acondicionado","2025","20.9","63.4"
"Colombia","EFT - Gran Encuesta Integrada de Hogares","E. Suministro de agua; evacuación de aguas residuales, gestión de desechos y descontaminación","2025","55.8","170.5"
"Colombia","EFT - Gran Encuesta Integrada de Hogares","F. Construcción","2025","110.3","1494.4"
"Colombia","EFT - Gran Encuesta Integrada de Hogares","G. Comercio al por mayor y al por menor; reparación de vehículos automotores y motocicletas","2025","1879.1","2225.3"
"Colombia","EFT - Gran Encuesta Integrada de Hogares","H. Transporte y almacenamiento","2025","184.2","1635.5"
"Colombia","EFT - Gran Encuesta Integrada de Hogares","I. Actividades de alojamiento y de servicio de comidas","2025","1243.6","590.8"
"Colombia","EFT - Gran Encuesta Integrada de Hogares","J. Información y comunicaciones","2025","141.6","264.6"
"Colombia","EFT - Gran Encuesta Integrada de Hogares","K. Actividades financieras y de seguros","2025","247","189.2"
"Colombia","EFT - Gran Encuesta Integrada de Hogares","L. Actividades inmobiliarias","2025","109","213"
"Colombia","EFT - Gran Encuesta Integrada de Hogares","M. Actividades profesionales, científicas y técnicas","2025","316.4","399.8"
"Colombia","EFT - Gran Encuesta Integrada de Hogares","N. Actividades de servicios administrativos y de apoyo","2025","700.8","394.8"
"Colombia","EFT - Gran Encuesta Integrada de Hogares","O. Administración pública y defensa; planes de seguridad social de afiliación obligatoria","2025","395.1","432.1"
"Colombia","EFT - Gran Encuesta Integrada de Hogares","P. Enseñanza","2025","646.7","380.6"
"Colombia","EFT - Gran Encuesta Integrada de Hogares","Q. Actividades de atención de la salud humana y de asistencia social","2025","774.6","254.4"
"Colombia","EFT - Gran Encuesta Integrada de Hogares","R. Actividades artísticas, de entretenimiento y recreativas","2025","115.6","159.7"
"Colombia","EFT - Gran Encuesta Integrada de Hogares","S. Otras actividades de servicios","2025","576.3","412.7"
"Colombia","EFT - Gran Encuesta Integrada de Hogares","T. Actividades de los hogares como empleadores; actividades no diferenciadas de los hogares como productores de bienes y servicios para uso propio","2025","656.7","60"
"Colombia","EFT - Gran Encuesta Integrada de Hogares","U. Actividades de organizaciones y órganos extraterritoriales","2025","5.5","5.1"
"Colombia","EFT - Gran Encuesta Integrada de Hogares","X. No clasificados en otra parte","2025",,"0.9"
"Costa Rica","EFT - Encuesta Continua de Empleo","Total","2025","870.5","1359.9"
"Costa Rica","EFT - Encuesta Continua de Empleo","A. Agricultura; ganadería; silvicultura y pesca","2025","45.5","195.4"
"Costa Rica","EFT - Encuesta Continua de Empleo","B. Explotación de minas y canteras","2025","0.3","3"
"Costa Rica","EFT - Encuesta Continua de Empleo","C. Industrias manufactureras","2025","81","161.2"
"Costa Rica","EFT - Encuesta Continua de Empleo","D. Suministro de electricidad, gas; vapor y aire acondicionado","2025","4.9","23.8"
"Costa Rica","EFT - Encuesta Continua de Empleo","E. Suministro de agua; evacuación de aguas residuales, gestión de desechos y descontaminación","2025","1.2","7.7"
"Costa Rica","EFT - Encuesta Continua de Empleo","F. Construcción","2025","6.5","134.5"
"Costa Rica","EFT - Encuesta Continua de Empleo","G. Comercio al por mayor y al por menor; reparación de vehículos automotores y motocicletas","2025","130","229.6"
"Costa Rica","EFT - Encuesta Continua de Empleo","H. Transporte y almacenamiento","2025","16.6","122.4"
"Costa Rica","EFT - Encuesta Continua de Empleo","I. Actividades de alojamiento y de servicio de comidas","2025","83.1","52"
"Costa Rica","EFT - Encuesta Continua de Empleo","J. Información y comunicaciones","2025","14.2","37.4"
"Costa Rica","EFT - Encuesta Continua de Empleo","K. Actividades financieras y de seguros","2025","32.7","32.9"
"Costa Rica","EFT - Encuesta Continua de Empleo","L. Actividades inmobiliarias","2025","4.8","8.9"
"Costa Rica","EFT - Encuesta Continua de Empleo","M. Actividades profesionales, científicas y técnicas","2025","36.2","48.4"
"Costa Rica","EFT - Encuesta Continua de Empleo","N. Actividades de servicios administrativos y de apoyo","2025","27.1","62"
"Costa Rica","EFT - Encuesta Continua de Empleo","O. Administración pública y defensa; planes de seguridad social de afiliación obligatoria","2025","40.6","62.8"
"Costa Rica","EFT - Encuesta Continua de Empleo","P. Enseñanza","2025","101.8","45.1"
"Costa Rica","EFT - Encuesta Continua de Empleo","Q. Actividades de atención de la salud humana y de asistencia social","2025","79.3","41.9"
"Costa Rica","EFT - Encuesta Continua de Empleo","R. Actividades artísticas, de entretenimiento y recreativas","2025","9","18.1"
"Costa Rica","EFT - Encuesta Continua de Empleo","S. Otras actividades de servicios","2025","46.9","58.2"
"Costa Rica","EFT - Encuesta Continua de Empleo","T. Actividades de los hogares como empleadores; actividades no diferenciadas de los hogares como productores de bienes y servicios para uso propio","2025","106.8","10.2"
"Costa Rica","EFT - Encuesta Continua de Empleo","U. Actividades de organizaciones y órganos extraterritoriales","2025",,"1.7"
"Costa Rica","EFT - Encuesta Continua de Empleo","X. No clasificados en otra parte","2025","1.5","2.7"
"Islas Caimán","EFT - Encuesta de la Fuerza de Trabajo","Total","2015","19.1","20.1"
"Islas Caimán","EFT - Encuesta de la Fuerza de Trabajo","A. Agricultura; ganadería; silvicultura y pesca","2015","0","0.2"
"Islas Caimán","EFT - Encuesta de la Fuerza de Trabajo","B. Explotación de minas y canteras","2015","0","0.1"
"Islas Caimán","EFT - Encuesta de la Fuerza de Trabajo","C. Industrias manufactureras","2015","0.1","0.3"
"Islas Caimán","EFT - Encuesta de la Fuerza de Trabajo","D. Suministro de electricidad, gas; vapor y aire acondicionado","2015","0","0.4"
"Islas Caimán","EFT - Encuesta de la Fuerza de Trabajo","E. Suministro de agua; evacuación de aguas residuales, gestión de desechos y descontaminación","2015","0","0.1"
"Islas Caimán","EFT - Encuesta de la Fuerza de Trabajo","F. Construcción","2015","0.3","3.7"
"Islas Caimán","EFT - Encuesta de la Fuerza de Trabajo","G. Comercio al por mayor y al por menor; reparación de vehículos automotores y motocicletas","2015","2","3"
"Islas Caimán","EFT - Encuesta de la Fuerza de Trabajo","H. Transporte y almacenamiento","2015","0.7","1.1"
"Islas Caimán","EFT - Encuesta de la Fuerza de Trabajo","I. Actividades de alojamiento y de servicio de comidas","2015","2.4","2"
"Islas Caimán","EFT - Encuesta de la Fuerza de Trabajo","J. Información y comunicaciones","2015","0.4","0.5"
"Islas Caimán","EFT - Encuesta de la Fuerza de Trabajo","K. Actividades financieras y de seguros","2015","2.3","1.3"
"Islas Caimán","EFT - Encuesta de la Fuerza de Trabajo","L. Actividades inmobiliarias","2015","0.5","0.3"
"Islas Caimán","EFT - Encuesta de la Fuerza de Trabajo","M. Actividades profesionales, científicas y técnicas","2015","1.9","1.6"
"Islas Caimán","EFT - Encuesta de la Fuerza de Trabajo","N. Actividades de servicios administrativos y de apoyo","2015","0.8","1.6"
"Islas Caimán","EFT - Encuesta de la Fuerza de Trabajo","O. Administración pública y defensa; planes de seguridad social de afiliación obligatoria","2015","1.1","1.9"
"Islas Caimán","EFT - Encuesta de la Fuerza de Trabajo","P. Enseñanza","2015","1.2","0.2"
"Islas Caimán","EFT - Encuesta de la Fuerza de Trabajo","Q. Actividades de atención de la salud humana y de asistencia social","2015","1","0.5"
"Islas Caimán","EFT - Encuesta de la Fuerza de Trabajo","R. Actividades artísticas, de entretenimiento y recreativas","2015","0.4","0.7"
"Islas Caimán","EFT - Encuesta de la Fuerza de Trabajo","S. Otras actividades de servicios","2015","0.7","0.5"
"Islas Caimán","EFT - Encuesta de la Fuerza de Trabajo","T. Actividades de los hogares como empleadores; actividades no diferenciadas de los hogares como productores de bienes y servicios para uso propio","2015","3.2","0.1"
"Islas Caimán","EFT - Encuesta de la Fuerza de Trabajo","X. No clasificados en otra parte","2015","0","0.1"
"República Dominicana","EFT - Encuesta Nacional Continua de Fuerza de Trabajo","Total","2025","2180.8","2959.1"
"República Dominicana","EFT - Encuesta Nacional Continua de Fuerza de Trabajo","A. Agricultura; ganadería; silvicultura y pesca","2025","21","317.9"
"República Dominicana","EFT - Encuesta Nacional Continua de Fuerza de Trabajo","B. Explotación de minas y canteras","2025","1","5.5"
"República Dominicana","EFT - Encuesta Nacional Continua de Fuerza de Trabajo","C. Industrias manufactureras","2025","164.9","334.5"
"República Dominicana","EFT - Encuesta Nacional Continua de Fuerza de Trabajo","D. Suministro de electricidad, gas; vapor y aire acondicionado","2025","4.3","10.2"
"República Dominicana","EFT - Encuesta Nacional Continua de Fuerza de Trabajo","E. Suministro de agua; evacuación de aguas residuales, gestión de desechos y descontaminación","2025","4.7","15.7"
"República Dominicana","EFT - Encuesta Nacional Continua de Fuerza de Trabajo","F. Construcción","2025","11.5","418"
"República Dominicana","EFT - Encuesta Nacional Continua de Fuerza de Trabajo","G. Comercio al por mayor y al por menor; reparación de vehículos automotores y motocicletas","2025","415.4","621.7"
"República Dominicana","EFT - Encuesta Nacional Continua de Fuerza de Trabajo","H. Transporte y almacenamiento","2025","21","286.6"
"República Dominicana","EFT - Encuesta Nacional Continua de Fuerza de Trabajo","I. Actividades de alojamiento y de servicio de comidas","2025","265.7","173.2"
"República Dominicana","EFT - Encuesta Nacional Continua de Fuerza de Trabajo","J. Información y comunicaciones","2025","17.3","45.5"
"República Dominicana","EFT - Encuesta Nacional Continua de Fuerza de Trabajo","K. Actividades financieras y de seguros","2025","63.5","62"
"República Dominicana","EFT - Encuesta Nacional Continua de Fuerza de Trabajo","L. Actividades inmobiliarias","2025","6.2","14.7"
"República Dominicana","EFT - Encuesta Nacional Continua de Fuerza de Trabajo","M. Actividades profesionales, científicas y técnicas","2025","43.5","58.8"
"República Dominicana","EFT - Encuesta Nacional Continua de Fuerza de Trabajo","N. Actividades de servicios administrativos y de apoyo","2025","42","97.8"
"República Dominicana","EFT - Encuesta Nacional Continua de Fuerza de Trabajo","O. Administración pública y defensa; planes de seguridad social de afiliación obligatoria","2025","120.9","185.1"
"República Dominicana","EFT - Encuesta Nacional Continua de Fuerza de Trabajo","P. Enseñanza","2025","235.3","90.8"
"República Dominicana","EFT - Encuesta Nacional Continua de Fuerza de Trabajo","Q. Actividades de atención de la salud humana y de asistencia social","2025","164.7","54.4"
"República Dominicana","EFT - Encuesta Nacional Continua de Fuerza de Trabajo","R. Actividades artísticas, de entretenimiento y recreativas","2025","140","34.1"
"República Dominicana","EFT - Encuesta Nacional Continua de Fuerza de Trabajo","S. Otras actividades de servicios","2025","196.4","112.9"
"República Dominicana","EFT - Encuesta Nacional Continua de Fuerza de Trabajo","T. Actividades de los hogares como empleadores; actividades no diferenciadas de los hogares como productores de bienes y servicios para uso propio","2025","239.7","18.3"
"República Dominicana","EFT - Encuesta Nacional Continua de Fuerza de Trabajo","U. Actividades de organizaciones y órganos extraterritoriales","2025","1.6","1.4"
"Ecuador","EFT - Encuesta Nacional de Empleo, Desempleo y Subempleo","Total","2025","3414.5","4915.1"
"Ecuador","EFT - Encuesta Nacional de Empleo, Desempleo y Subempleo","A. Agricultura; ganadería; silvicultura y pesca","2025","991.8","1701.5"
"Ecuador","EFT - Encuesta Nacional de Empleo, Desempleo y Subempleo","B. Explotación de minas y canteras","2025","5","35.9"
"Ecuador","EFT - Encuesta Nacional de Empleo, Desempleo y Subempleo","C. Industrias manufactureras","2025","304.5","517"
"Ecuador","EFT - Encuesta Nacional de Empleo, Desempleo y Subempleo","D. Suministro de electricidad, gas; vapor y aire acondicionado","2025","3.6","13.2"
"Ecuador","EFT - Encuesta Nacional de Empleo, Desempleo y Subempleo","E. Suministro de agua; evacuación de aguas residuales, gestión de desechos y descontaminación","2025","5.8","29.1"
"Ecuador","EFT - Encuesta Nacional de Empleo, Desempleo y Subempleo","F. Construcción","2025","13.7","501.7"
"Ecuador","EFT - Encuesta Nacional de Empleo, Desempleo y Subempleo","G. Comercio al por mayor y al por menor; reparación de vehículos automotores y motocicletas","2025","670.1","676.1"
"Ecuador","EFT - Encuesta Nacional de Empleo, Desempleo y Subempleo","H. Transporte y almacenamiento","2025","46.1","432.9"
"Ecuador","EFT - Encuesta Nacional de Empleo, Desempleo y Subempleo","I. Actividades de alojamiento y de servicio de comidas","2025","356.1","183.1"
"Ecuador","EFT - Encuesta Nacional de Empleo, Desempleo y Subempleo","J. Información y comunicaciones","2025","21.6","49.6"
"Ecuador","EFT - Encuesta Nacional de Empleo, Desempleo y Subempleo","K. Actividades financieras y de seguros","2025","32.3","26.3"
"Ecuador","EFT - Encuesta Nacional de Empleo, Desempleo y Subempleo","L. Actividades inmobiliarias","2025","6.7","18.2"
"Ecuador","EFT - Encuesta Nacional de Empleo, Desempleo y Subempleo","M. Actividades profesionales, científicas y técnicas","2025","72","88.6"
"Ecuador","EFT - Encuesta Nacional de Empleo, Desempleo y Subempleo","N. Actividades de servicios administrativos y de apoyo","2025","136.5","154.9"
"Ecuador","EFT - Encuesta Nacional de Empleo, Desempleo y Subempleo","O. Administración pública y defensa; planes de seguridad social de afiliación obligatoria","2025","83.6","169.1"
"Ecuador","EFT - Encuesta Nacional de Empleo, Desempleo y Subempleo","P. Enseñanza","2025","195.7","110.1"
"Ecuador","EFT - Encuesta Nacional de Empleo, Desempleo y Subempleo","Q. Actividades de atención de la salud humana y de asistencia social","2025","134.6","58.3"
"Ecuador","EFT - Encuesta Nacional de Empleo, Desempleo y Subempleo","R. Actividades artísticas, de entretenimiento y recreativas","2025","16.2","34.4"
"Ecuador","EFT - Encuesta Nacional de Empleo, Desempleo y Subempleo","S. Otras actividades de servicios","2025","124.6","101"
"Ecuador","EFT - Encuesta Nacional de Empleo, Desempleo y Subempleo","T. Actividades de los hogares como empleadores; actividades no diferenciadas de los hogares como productores de bienes y servicios para uso propio","2025","192.8","13.4"
"Ecuador","EFT - Encuesta Nacional de Empleo, Desempleo y Subempleo","U. Actividades de organizaciones y órganos extraterritoriales","2025","1","0.7"
"Granada","EFT - Encuesta de la Fuerza de Trabajo","Total","2023","23.1","29.2"
"Granada","EFT - Encuesta de la Fuerza de Trabajo","A. Agricultura; ganadería; silvicultura y pesca","2023","0.5","3.3"
"Granada","EFT - Encuesta de la Fuerza de Trabajo","B. Explotación de minas y canteras","2023",,
"Granada","EFT - Encuesta de la Fuerza de Trabajo","C. Industrias manufactureras","2023","0.6","1.5"
"Granada","EFT - Encuesta de la Fuerza de Trabajo","D. Suministro de electricidad, gas; vapor y aire acondicionado","2023",,"0.1"
"Granada","EFT - Encuesta de la Fuerza de Trabajo","E. Suministro de agua; evacuación de aguas residuales, gestión de desechos y descontaminación","2023",,"0.3"
"Granada","EFT - Encuesta de la Fuerza de Trabajo","F. Construcción","2023","0.2","4.3"
"Granada","EFT - Encuesta de la Fuerza de Trabajo","G. Comercio al por mayor y al por menor; reparación de vehículos automotores y motocicletas","2023","2.8","3.3"
"Granada","EFT - Encuesta de la Fuerza de Trabajo","H. Transporte y almacenamiento","2023","0.4","1.2"
"Granada","EFT - Encuesta de la Fuerza de Trabajo","I. Actividades de alojamiento y de servicio de comidas","2023","1.7","1.5"
"Granada","EFT - Encuesta de la Fuerza de Trabajo","J. Información y comunicaciones","2023","0.2","0.2"
"Granada","EFT - Encuesta de la Fuerza de Trabajo","K. Actividades financieras y de seguros","2023","0.4","0.1"
"Granada","EFT - Encuesta de la Fuerza de Trabajo","L. Actividades inmobiliarias","2023",,
"Granada","EFT - Encuesta de la Fuerza de Trabajo","M. Actividades profesionales, científicas y técnicas","2023","0.3","0.1"
"Granada","EFT - Encuesta de la Fuerza de Trabajo","N. Actividades de servicios administrativos y de apoyo","2023","1","1.3"
"Granada","EFT - Encuesta de la Fuerza de Trabajo","O. Administración pública y defensa; planes de seguridad social de afiliación obligatoria","2023","1.1","1.1"
"Granada","EFT - Encuesta de la Fuerza de Trabajo","P. Enseñanza","2023","2.3","0.8"
"Granada","EFT - Encuesta de la Fuerza de Trabajo","Q. Actividades de atención de la salud humana y de asistencia social","2023","1.6","0.2"
"Granada","EFT - Encuesta de la Fuerza de Trabajo","R. Actividades artísticas, de entretenimiento y recreativas","2023","0.4","0.4"
"Granada","EFT - Encuesta de la Fuerza de Trabajo","S. Otras actividades de servicios","2023","0.5","0.5"
"Granada","EFT - Encuesta de la Fuerza de Trabajo","T. Actividades de los hogares como empleadores; actividades no diferenciadas de los hogares como productores de bienes y servicios para uso propio","2023","0.9","0.1"
"Granada","EFT - Encuesta de la Fuerza de Trabajo","U. Actividades de organizaciones y órganos extraterritoriales","2023","8","8.8"
"Guatemala","EFT - Encuesta Nacional de Empleo e Ingresos","Total","2024","3273.3","4309.3"
"Guatemala","EFT - Encuesta Nacional de Empleo e Ingresos","A. Agricultura; ganadería; silvicultura y pesca","2024","325.6","1230.8"
"Guatemala","EFT - Encuesta Nacional de Empleo e Ingresos","B. Explotación de minas y canteras","2024",,"13.2"
"Guatemala","EFT - Encuesta Nacional de Empleo e Ingresos","C. Industrias manufactureras","2024","645.1","510.2"
"Guatemala","EFT - Encuesta Nacional de Empleo e Ingresos","D. Suministro de electricidad, gas; vapor y aire acondicionado","2024","2.6","6.7"
"Guatemala","EFT - Encuesta Nacional de Empleo e Ingresos","E. Suministro de agua; evacuación de aguas residuales, gestión de desechos y descontaminación","2024","4.4","18.8"
"Guatemala","EFT - Encuesta Nacional de Empleo e Ingresos","F. Construcción","2024","14.9","613.5"
"Guatemala","EFT - Encuesta Nacional de Empleo e Ingresos","G. Comercio al por mayor y al por menor; reparación de vehículos automotores y motocicletas","2024","799","719.3"
"Guatemala","EFT - Encuesta Nacional de Empleo e Ingresos","H. Transporte y almacenamiento","2024","25.5","247"
"Guatemala","EFT - Encuesta Nacional de Empleo e Ingresos","I. Actividades de alojamiento y de servicio de comidas","2024","352.3","98.1"
"Guatemala","EFT - Encuesta Nacional de Empleo e Ingresos","J. Información y comunicaciones","2024","12.4","25"
"Guatemala","EFT - Encuesta Nacional de Empleo e Ingresos","K. Actividades financieras y de seguros","2024","39.8","43.3"
"Guatemala","EFT - Encuesta Nacional de Empleo e Ingresos","L. Actividades inmobiliarias","2024","8.5","17.8"
"Guatemala","EFT - Encuesta Nacional de Empleo e Ingresos","M. Actividades profesionales, científicas y técnicas","2024","37.5","54"
"Guatemala","EFT - Encuesta Nacional de Empleo e Ingresos","N. Actividades de servicios administrativos y de apoyo","2024","75.4","121.8"
"Guatemala","EFT - Encuesta Nacional de Empleo e Ingresos","O. Administración pública y defensa; planes de seguridad social de afiliación obligatoria","2024","100.4","174.6"
"Guatemala","EFT - Encuesta Nacional de Empleo e Ingresos","P. Enseñanza","2024","170.5","79.9"
"Guatemala","EFT - Encuesta Nacional de Empleo e Ingresos","Q. Actividades de atención de la salud humana y de asistencia social","2024","123","40.8"
"Guatemala","EFT - Encuesta Nacional de Empleo e Ingresos","R. Actividades artísticas, de entretenimiento y recreativas","2024","13.8","26.3"
"Guatemala","EFT - Encuesta Nacional de Empleo e Ingresos","S. Otras actividades de servicios","2024","106.7","68.1"
"Guatemala","EFT - Encuesta Nacional de Empleo e Ingresos","T. Actividades de los hogares como empleadores; actividades no diferenciadas de los hogares como productores de bienes y servicios para uso propio","2024","414.2","199.8"
"Guatemala","EFT - Encuesta Nacional de Empleo e Ingresos","U. Actividades de organizaciones y órganos extraterritoriales","2024",,
"Guyana","EFT - Encuesta de la Fuerza de Trabajo","Total","2019","99.5","146.4"
"Guyana","EFT - Encuesta de la Fuerza de Trabajo","A. Agricultura; ganadería; silvicultura y pesca","2019","7.1","29.6"
"Guyana","EFT - Encuesta de la Fuerza de Trabajo","B. Explotación de minas y canteras","2019","1","8.6"
"Guyana","EFT - Encuesta de la Fuerza de Trabajo","C. Industrias manufactureras","2019","7.8","17.6"
"Guyana","EFT - Encuesta de la Fuerza de Trabajo","D. Suministro de electricidad, gas; vapor y aire acondicionado","2019","0.4","1.6"
"Guyana","EFT - Encuesta de la Fuerza de Trabajo","E. Suministro de agua; evacuación de aguas residuales, gestión de desechos y descontaminación","2019","0.9","1.9"
"Guyana","EFT - Encuesta de la Fuerza de Trabajo","F. Construcción","2019","0.8","18"
"Guyana","EFT - Encuesta de la Fuerza de Trabajo","G. Comercio al por mayor y al por menor; reparación de vehículos automotores y motocicletas","2019","18.2","17.5"
"Guyana","EFT - Encuesta de la Fuerza de Trabajo","H. Transporte y almacenamiento","2019","2.4","14.6"
"Guyana","EFT - Encuesta de la Fuerza de Trabajo","I. Actividades de alojamiento y de servicio de comidas","2019","9.5","3"
"Guyana","EFT - Encuesta de la Fuerza de Trabajo","J. Información y comunicaciones","2019","0.8","1"
"Guyana","EFT - Encuesta de la Fuerza de Trabajo","K. Actividades financieras y de seguros","2019","1.9","1.1"
"Guyana","EFT - Encuesta de la Fuerza de Trabajo","L. Actividades inmobiliarias","2019","0.1","0.1"
"Guyana","EFT - Encuesta de la Fuerza de Trabajo","M. Actividades profesionales, científicas y técnicas","2019","1.3","1.5"
"Guyana","EFT - Encuesta de la Fuerza de Trabajo","N. Actividades de servicios administrativos y de apoyo","2019","5.9","7"
"Guyana","EFT - Encuesta de la Fuerza de Trabajo","O. Administración pública y defensa; planes de seguridad social de afiliación obligatoria","2019","17.6","11.9"
"Guyana","EFT - Encuesta de la Fuerza de Trabajo","P. Enseñanza","2019","9.7","2.3"
"Guyana","EFT - Encuesta de la Fuerza de Trabajo","Q. Actividades de atención de la salud humana y de asistencia social","2019","2.5","0.6"
"Guyana","EFT - Encuesta de la Fuerza de Trabajo","R. Actividades artísticas, de entretenimiento y recreativas","2019","0.6","0.5"
"Guyana","EFT - Encuesta de la Fuerza de Trabajo","S. Otras actividades de servicios","2019","3.7","2.9"
"Guyana","EFT - Encuesta de la Fuerza de Trabajo","T. Actividades de los hogares como empleadores; actividades no diferenciadas de los hogares como productores de bienes y servicios para uso propio","2019","4.1","2.2"
"Guyana","EFT - Encuesta de la Fuerza de Trabajo","U. Actividades de organizaciones y órganos extraterritoriales","2019","0.1",
"Guyana","EFT - Encuesta de la Fuerza de Trabajo","X. No clasificados en otra parte","2019","3","2.7"
"Honduras","EH - Encuesta Permanente de Hogares de Propósitos Múltiples","Total","2025","1612.5","2462.3"
"Honduras","EH - Encuesta Permanente de Hogares de Propósitos Múltiples","A. Agricultura; ganadería; silvicultura y pesca","2025","93.7","798.2"
"Honduras","EH - Encuesta Permanente de Hogares de Propósitos Múltiples","B. Explotación de minas y canteras","2025",,"7.4"
"Honduras","EH - Encuesta Permanente de Hogares de Propósitos Múltiples","C. Industrias manufactureras","2025","271.3","277.9"
"Honduras","EH - Encuesta Permanente de Hogares de Propósitos Múltiples","D. Suministro de electricidad, gas; vapor y aire acondicionado","2025","3.6","11"
"Honduras","EH - Encuesta Permanente de Hogares de Propósitos Múltiples","E. Suministro de agua; evacuación de aguas residuales, gestión de desechos y descontaminación","2025","3.4","13.9"
"Honduras","EH - Encuesta Permanente de Hogares de Propósitos Múltiples","F. Construcción","2025","5.2","374.6"
"Honduras","EH - Encuesta Permanente de Hogares de Propósitos Múltiples","G. Comercio al por mayor y al por menor; reparación de vehículos automotores y motocicletas","2025","513.2","431.5"
"Honduras","EH - Encuesta Permanente de Hogares de Propósitos Múltiples","H. Transporte y almacenamiento","2025","7.2","135.1"
"Honduras","EH - Encuesta Permanente de Hogares de Propósitos Múltiples","I. Actividades de alojamiento y de servicio de comidas","2025","162.1","50.7"
"Honduras","EH - Encuesta Permanente de Hogares de Propósitos Múltiples","J. Información y comunicaciones","2025","11.7","19.2"
"Honduras","EH - Encuesta Permanente de Hogares de Propósitos Múltiples","K. Actividades financieras y de seguros","2025","17.5","21.5"
"Honduras","EH - Encuesta Permanente de Hogares de Propósitos Múltiples","L. Actividades inmobiliarias","2025",,"1.1"
"Honduras","EH - Encuesta Permanente de Hogares de Propósitos Múltiples","M. Actividades profesionales, científicas y técnicas","2025","24.5","30.9"
"Honduras","EH - Encuesta Permanente de Hogares de Propósitos Múltiples","N. Actividades de servicios administrativos y de apoyo","2025","34.6","60.1"
"Honduras","EH - Encuesta Permanente de Hogares de Propósitos Múltiples","O. Administración pública y defensa; planes de seguridad social de afiliación obligatoria","2025","37.5","48.7"
"Honduras","EH - Encuesta Permanente de Hogares de Propósitos Múltiples","P. Enseñanza","2025","108.8","50.6"
"Honduras","EH - Encuesta Permanente de Hogares de Propósitos Múltiples","Q. Actividades de atención de la salud humana y de asistencia social","2025","71.9","30.6"
"Honduras","EH - Encuesta Permanente de Hogares de Propósitos Múltiples","R. Actividades artísticas, de entretenimiento y recreativas","2025","6.6","8.2"
"Honduras","EH - Encuesta Permanente de Hogares de Propósitos Múltiples","S. Otras actividades de servicios","2025","96.9","60.4"
"Honduras","EH - Encuesta Permanente de Hogares de Propósitos Múltiples","T. Actividades de los hogares como empleadores; actividades no diferenciadas de los hogares como productores de bienes y servicios para uso propio","2025","128.3","8.3"
"Honduras","EH - Encuesta Permanente de Hogares de Propósitos Múltiples","U. Actividades de organizaciones y órganos extraterritoriales","2025","13.5","22.6"
"Jamaica","EFT - Encuesta de la Fuerza de Trabajo","Total","2023","605.4","710.1"
"Jamaica","EFT - Encuesta de la Fuerza de Trabajo","A. Agricultura; ganadería; silvicultura y pesca","2023","47.3","135.6"
"Jamaica","EFT - Encuesta de la Fuerza de Trabajo","B. Explotación de minas y canteras","2023","19.4","23"
"Jamaica","EFT - Encuesta de la Fuerza de Trabajo","C. Industrias manufactureras","2023","7.8","37.8"
"Jamaica","EFT - Encuesta de la Fuerza de Trabajo","D. Suministro de electricidad, gas; vapor y aire acondicionado","2023","3.1","106.2"
"Jamaica","EFT - Encuesta de la Fuerza de Trabajo","E. Suministro de agua; evacuación de aguas residuales, gestión de desechos y descontaminación","2023","3.8","34.6"
"Jamaica","EFT - Encuesta de la Fuerza de Trabajo","F. Construcción","2023","5.2","6.5"
"Jamaica","EFT - Encuesta de la Fuerza de Trabajo","G. Comercio al por mayor y al por menor; reparación de vehículos automotores y motocicletas","2023","22.2","20.4"
"Jamaica","EFT - Encuesta de la Fuerza de Trabajo","H. Transporte y almacenamiento","2023","18.1","12.7"
"Jamaica","EFT - Encuesta de la Fuerza de Trabajo","I. Actividades de alojamiento y de servicio de comidas","2023","5.8","3.9"
"Jamaica","EFT - Encuesta de la Fuerza de Trabajo","J. Información y comunicaciones","2023","4.4","5.3"
"Jamaica","EFT - Encuesta de la Fuerza de Trabajo","L. Actividades inmobiliarias","2023",,"0.5"
"Jamaica","EFT - Encuesta de la Fuerza de Trabajo","M. Actividades profesionales, científicas y técnicas","2023","55.7","15.1"
"Jamaica","EFT - Encuesta de la Fuerza de Trabajo","N. Actividades de servicios administrativos y de apoyo","2023","7.9","6.8"
"Jamaica","EFT - Encuesta de la Fuerza de Trabajo","P. Enseñanza","2023","0.3",
"Jamaica","EFT - Encuesta de la Fuerza de Trabajo","X. No clasificados en otra parte","2023","404.4","301.8"
"Santa Lucía","EFT - Encuesta de la Fuerza de Trabajo","Total","2024","44.6","52.8"
"Santa Lucía","EFT - Encuesta de la Fuerza de Trabajo","A. Agricultura; ganadería; silvicultura y pesca","2024","1.3","6.3"
"Santa Lucía","EFT - Encuesta de la Fuerza de Trabajo","B. Explotación de minas y canteras","2024",,
"Santa Lucía","EFT - Encuesta de la Fuerza de Trabajo","C. Industrias manufactureras","2024","2","2.8"
"Santa Lucía","EFT - Encuesta de la Fuerza de Trabajo","D. Suministro de electricidad, gas; vapor y aire acondicionado","2024","0.3","0.4"
"Santa Lucía","EFT - Encuesta de la Fuerza de Trabajo","E. Suministro de agua; evacuación de aguas residuales, gestión de desechos y descontaminación","2024","0.1","0.7"
"Santa Lucía","EFT - Encuesta de la Fuerza de Trabajo","F. Construcción","2024","0.3","9.2"
"Santa Lucía","EFT - Encuesta de la Fuerza de Trabajo","G. Comercio al por mayor y al por menor; reparación de vehículos automotores y motocicletas","2024","9.5","6.7"
"Santa Lucía","EFT - Encuesta de la Fuerza de Trabajo","H. Transporte y almacenamiento","2024","0.9","4.4"
"Santa Lucía","EFT - Encuesta de la Fuerza de Trabajo","I. Actividades de alojamiento y de servicio de comidas","2024","7.3","7.1"
"Santa Lucía","EFT - Encuesta de la Fuerza de Trabajo","J. Información y comunicaciones","2024","0.5","0.4"
"Santa Lucía","EFT - Encuesta de la Fuerza de Trabajo","K. Actividades financieras y de seguros","2024","1.3","0.6"
"Santa Lucía","EFT - Encuesta de la Fuerza de Trabajo","L. Actividades inmobiliarias","2024","0.2","0.1"
"Santa Lucía","EFT - Encuesta de la Fuerza de Trabajo","M. Actividades profesionales, científicas y técnicas","2024","0.8","0.7"
"Santa Lucía","EFT - Encuesta de la Fuerza de Trabajo","N. Actividades de servicios administrativos y de apoyo","2024","4.2","4.1"
"Santa Lucía","EFT - Encuesta de la Fuerza de Trabajo","O. Administración pública y defensa; planes de seguridad social de afiliación obligatoria","2024","4.4","3.9"
"Santa Lucía","EFT - Encuesta de la Fuerza de Trabajo","P. Enseñanza","2024","3.9","1.1"
"Santa Lucía","EFT - Encuesta de la Fuerza de Trabajo","Q. Actividades de atención de la salud humana y de asistencia social","2024","3.2","1.1"
"Santa Lucía","EFT - Encuesta de la Fuerza de Trabajo","R. Actividades artísticas, de entretenimiento y recreativas","2024","0.3","0.4"
"Santa Lucía","EFT - Encuesta de la Fuerza de Trabajo","S. Otras actividades de servicios","2024","1.1","1.3"
"Santa Lucía","EFT - Encuesta de la Fuerza de Trabajo","T. Actividades de los hogares como empleadores; actividades no diferenciadas de los hogares como productores de bienes y servicios para uso propio","2024","2.4","0.5"
"Santa Lucía","EFT - Encuesta de la Fuerza de Trabajo","U. Actividades de organizaciones y órganos extraterritoriales","2024","0.2",
"Santa Lucía","EFT - Encuesta de la Fuerza de Trabajo","X. No clasificados en otra parte","2024","0.6","0.9"
"México","EFT - Encuesta Nacional de Ocupación y Empleo","Total","2024","24714.9","35621.6"
"México","EFT - Encuesta Nacional de Ocupación y Empleo","A. Agricultura; ganadería; silvicultura y pesca","2024","1101","5670.3"
"México","EFT - Encuesta Nacional de Ocupación y Empleo","B. Explotación de minas y canteras","2024","133.2","284.7"
"México","EFT - Encuesta Nacional de Ocupación y Empleo","C. Industrias manufactureras","2024","3694.1","6024.3"
"México","EFT - Encuesta Nacional de Ocupación y Empleo","D. Suministro de electricidad, gas; vapor y aire acondicionado","2024","43.1","128.1"
"México","EFT - Encuesta Nacional de Ocupación y Empleo","E. Suministro de agua; evacuación de aguas residuales, gestión de desechos y descontaminación","2024","64.1","238.5"
"México","EFT - Encuesta Nacional de Ocupación y Empleo","F. Construcción","2024","189.8","3619.4"
"México","EFT - Encuesta Nacional de Ocupación y Empleo","G. Comercio al por mayor y al por menor; reparación de vehículos automotores y motocicletas","2024","5939.7","5802.4"
"México","EFT - Encuesta Nacional de Ocupación y Empleo","H. Transporte y almacenamiento","2024","296.3","2476.8"
"México","EFT - Encuesta Nacional de Ocupación y Empleo","I. Actividades de alojamiento y de servicio de comidas","2024","2582.6","1736.5"
"México","EFT - Encuesta Nacional de Ocupación y Empleo","J. Información y comunicaciones","2024","204.1","366.8"
"México","EFT - Encuesta Nacional de Ocupación y Empleo","K. Actividades financieras y de seguros","2024","407.8","411.5"
"México","EFT - Encuesta Nacional de Ocupación y Empleo","L. Actividades inmobiliarias","2024","124","134.5"
"México","EFT - Encuesta Nacional de Ocupación y Empleo","M. Actividades profesionales, científicas y técnicas","2024","682.1","2035.2"
"México","EFT - Encuesta Nacional de Ocupación y Empleo","N. Actividades de servicios administrativos y de apoyo","2024","899.1","1309"
"México","EFT - Encuesta Nacional de Ocupación y Empleo","O. Administración pública y defensa; planes de seguridad social de afiliación obligatoria","2024","971.3","1309.9"
"México","EFT - Encuesta Nacional de Ocupación y Empleo","P. Enseñanza","2024","1834.3","1071.7"
"México","EFT - Encuesta Nacional de Ocupación y Empleo","Q. Actividades de atención de la salud humana y de asistencia social","2024","1363","659.6"
"México","EFT - Encuesta Nacional de Ocupación y Empleo","R. Actividades artísticas, de entretenimiento y recreativas","2024","148.2","356.5"
"México","EFT - Encuesta Nacional de Ocupación y Empleo","S. Otras actividades de servicios","2024","956.5","679.1"
"México","EFT - Encuesta Nacional de Ocupación y Empleo","T. Actividades de los hogares como empleadores; actividades no diferenciadas de los hogares como productores de bienes y servicios para uso propio","2024","2188.7","219.9"
"México","EFT - Encuesta Nacional de Ocupación y Empleo","U. Actividades de organizaciones y órganos extraterritoriales","2024","2.6","2.2"
"México","EFT - Encuesta Nacional de Ocupación y Empleo","X. No clasificados en otra parte","2024","889.5","1084.5"
"Panamá","EFT - Encuesta de Mercado Laboral","Total","2024","800.6","1122.9"
"Panamá","EFT - Encuesta de Mercado Laboral","A. Agricultura; ganadería; silvicultura y pesca","2024","79.4","235.1"
"Panamá","EFT - Encuesta de Mercado Laboral","B. Explotación de minas y canteras","2024","0.4","3.2"
"Panamá","EFT - Encuesta de Mercado Laboral","C. Industrias manufactureras","2024","72.2","80.4"
"Panamá","EFT - Encuesta de Mercado Laboral","D. Suministro de electricidad, gas; vapor y aire acondicionado","2024","1.4","6"
"Panamá","EFT - Encuesta de Mercado Laboral","E. Suministro de agua; evacuación de aguas residuales, gestión de desechos y descontaminación","2024","4","10.6"
"Panamá","EFT - Encuesta de Mercado Laboral","F. Construcción","2024","6.2","143.1"
"Panamá","EFT - Encuesta de Mercado Laboral","G. Comercio al por mayor y al por menor; reparación de vehículos automotores y motocicletas","2024","150.8","173.2"
"Panamá","EFT - Encuesta de Mercado Laboral","H. Transporte y almacenamiento","2024","20.3","118.6"
"Panamá","EFT - Encuesta de Mercado Laboral","I. Actividades de alojamiento y de servicio de comidas","2024","72.6","48"
"Panamá","EFT - Encuesta de Mercado Laboral","J. Información y comunicaciones","2024","5.4","10.1"
"Panamá","EFT - Encuesta de Mercado Laboral","K. Actividades financieras y de seguros","2024","23.7","16"
"Panamá","EFT - Encuesta de Mercado Laboral","L. Actividades inmobiliarias","2024","5.9","7.2"
"Panamá","EFT - Encuesta de Mercado Laboral","M. Actividades profesionales, científicas y técnicas","2024","21.2","23.8"
"Panamá","EFT - Encuesta de Mercado Laboral","N. Actividades de servicios administrativos y de apoyo","2024","18.7","60.8"
"Panamá","EFT - Encuesta de Mercado Laboral","O. Administración pública y defensa; planes de seguridad social de afiliación obligatoria","2024","55.5","67.2"
"Panamá","EFT - Encuesta de Mercado Laboral","P. Enseñanza","2024","77.6","38.2"
"Panamá","EFT - Encuesta de Mercado Laboral","Q. Actividades de atención de la salud humana y de asistencia social","2024","64.1","21.8"
"Panamá","EFT - Encuesta de Mercado Laboral","R. Actividades artísticas, de entretenimiento y recreativas","2024","9.9","12.9"
"Panamá","EFT - Encuesta de Mercado Laboral","S. Otras actividades de servicios","2024","34.8","33.9"
"Panamá","EFT - Encuesta de Mercado Laboral","T. Actividades de los hogares como empleadores; actividades no diferenciadas de los hogares como productores de bienes y servicios para uso propio","2024","76.4","12"
"Panamá","EFT - Encuesta de Mercado Laboral","U. Actividades de organizaciones y órganos extraterritoriales","2024",,
"Panamá","EFT - Encuesta de Mercado Laboral","X. No clasificados en otra parte","2024",,
"Perú","EFT - Encuesta Permanente de Empleo, Nacional","Total","2025","8014.3","9821.8"
"Perú","EFT - Encuesta Permanente de Empleo, Nacional","A. Agricultura; ganadería; silvicultura y pesca","2025","1766","2449"
"Perú","EFT - Encuesta Permanente de Empleo, Nacional","B. Explotación de minas y canteras","2025","17.6","162.1"
"Perú","EFT - Encuesta Permanente de Empleo, Nacional","C. Industrias manufactureras","2025","629","901.7"
"Perú","EFT - Encuesta Permanente de Empleo, Nacional","D. Suministro de electricidad, gas; vapor y aire acondicionado","2025","6.4","17.6"
"Perú","EFT - Encuesta Permanente de Empleo, Nacional","E. Suministro de agua; evacuación de aguas residuales, gestión de desechos y descontaminación","2025","32.4","60.6"
"Perú","EFT - Encuesta Permanente de Empleo, Nacional","F. Construcción","2025","68.8","1101.7"
"Perú","EFT - Encuesta Permanente de Empleo, Nacional","G. Comercio al por mayor y al por menor; reparación de vehículos automotores y motocicletas","2025","2006.6","1371.5"
"Perú","EFT - Encuesta Permanente de Empleo, Nacional","H. Transporte y almacenamiento","2025","109.7","1283.4"
"Perú","EFT - Encuesta Permanente de Empleo, Nacional","I. Actividades de alojamiento y de servicio de comidas","2025","951.5","379.9"
"Perú","EFT - Encuesta Permanente de Empleo, Nacional","J. Información y comunicaciones","2025","36.8","99"
"Perú","EFT - Encuesta Permanente de Empleo, Nacional","K. Actividades financieras y de seguros","2025","85","85"
"Perú","EFT - Encuesta Permanente de Empleo, Nacional","L. Actividades inmobiliarias","2025","21.8","23.4"
"Perú","EFT - Encuesta Permanente de Empleo, Nacional","M. Actividades profesionales, científicas y técnicas","2025","181","277.6"
"Perú","EFT - Encuesta Permanente de Empleo, Nacional","N. Actividades de servicios administrativos y de apoyo","2025","241.3","280.8"
"Perú","EFT - Encuesta Permanente de Empleo, Nacional","O. Administración pública y defensa; planes de seguridad social de afiliación obligatoria","2025","307","474.9"
"Perú","EFT - Encuesta Permanente de Empleo, Nacional","P. Enseñanza","2025","497.5","335.2"
"Perú","EFT - Encuesta Permanente de Empleo, Nacional","Q. Actividades de atención de la salud humana y de asistencia social","2025","387.9","171.2"
"Perú","EFT - Encuesta Permanente de Empleo, Nacional","R. Actividades artísticas, de entretenimiento y recreativas","2025","51.8","110.3"
"Perú","EFT - Encuesta Permanente de Empleo, Nacional","S. Otras actividades de servicios","2025","267.3","213.1"
"Perú","EFT - Encuesta Permanente de Empleo, Nacional","T. Actividades de los hogares como empleadores; actividades no diferenciadas de los hogares como productores de bienes y servicios para uso propio","2025","348.4","23.7"
"Perú","EFT - Encuesta Permanente de Empleo, Nacional","U. Actividades de organizaciones y órganos extraterritoriales","2025",,
"El Salvador","EH - Encuesta de Hogares de Propósitos Múltiples","Total","2024","1224.5","1668"
"El Salvador","EH - Encuesta de Hogares de Propósitos Múltiples","A. Agricultura; ganadería; silvicultura y pesca","2024","53.7","353.3"
"El Salvador","EH - Encuesta de Hogares de Propósitos Múltiples","B. Explotación de minas y canteras","2024","0","1.2"
"El Salvador","EH - Encuesta de Hogares de Propósitos Múltiples","C. Industrias manufactureras","2024","191","222.4"
"El Salvador","EH - Encuesta de Hogares de Propósitos Múltiples","D. Suministro de electricidad, gas; vapor y aire acondicionado","2024","0.9","5.8"
"El Salvador","EH - Encuesta de Hogares de Propósitos Múltiples","E. Suministro de agua; evacuación de aguas residuales, gestión de desechos y descontaminación","2024","3.1","11.1"
"El Salvador","EH - Encuesta de Hogares de Propósitos Múltiples","F. Construcción","2024","7.7","230.4"
"El Salvador","EH - Encuesta de Hogares de Propósitos Múltiples","G. Comercio al por mayor y al por menor; reparación de vehículos automotores y motocicletas","2024","356.6","288.8"
"El Salvador","EH - Encuesta de Hogares de Propósitos Múltiples","H. Transporte y almacenamiento","2024","8.3","117.5"
"El Salvador","EH - Encuesta de Hogares de Propósitos Múltiples","I. Actividades de alojamiento y de servicio de comidas","2024","165.8","57.8"
"El Salvador","EH - Encuesta de Hogares de Propósitos Múltiples","J. Información y comunicaciones","2024","12.6","21.7"
"El Salvador","EH - Encuesta de Hogares de Propósitos Múltiples","K. Actividades financieras y de seguros","2024","27.6","22.7"
"El Salvador","EH - Encuesta de Hogares de Propósitos Múltiples","L. Actividades inmobiliarias","2024","2.7","3.4"
"El Salvador","EH - Encuesta de Hogares de Propósitos Múltiples","M. Actividades profesionales, científicas y técnicas","2024","26","30.6"
"El Salvador","EH - Encuesta de Hogares de Propósitos Múltiples","N. Actividades de servicios administrativos y de apoyo","2024","29","78.3"
"El Salvador","EH - Encuesta de Hogares de Propósitos Múltiples","O. Administración pública y defensa; planes de seguridad social de afiliación obligatoria","2024","39.7","95.9"
"El Salvador","EH - Encuesta de Hogares de Propósitos Múltiples","P. Enseñanza","2024","53.6","29.9"
"El Salvador","EH - Encuesta de Hogares de Propósitos Múltiples","Q. Actividades de atención de la salud humana y de asistencia social","2024","58.7","32.1"
"El Salvador","EH - Encuesta de Hogares de Propósitos Múltiples","R. Actividades artísticas, de entretenimiento y recreativas","2024","4.4","11.3"
"El Salvador","EH - Encuesta de Hogares de Propósitos Múltiples","S. Otras actividades de servicios","2024","41.6","39.2"
"El Salvador","EH - Encuesta de Hogares de Propósitos Múltiples","T. Actividades de los hogares como empleadores; actividades no diferenciadas de los hogares como productores de bienes y servicios para uso propio","2024","141.3","14.4"
"El Salvador","EH - Encuesta de Hogares de Propósitos Múltiples","U. Actividades de organizaciones y órganos extraterritoriales","2024",,
"Suriname","EIGH - Encuesta de Condiciones de Vida","Total","2016","75.5","114.2"
"Suriname","EIGH - Encuesta de Condiciones de Vida","A. Agricultura; ganadería; silvicultura y pesca","2016","4.2","10.1"
"Suriname","EIGH - Encuesta de Condiciones de Vida","B. Explotación de minas y canteras","2016","0.4","5.3"
"Suriname","EIGH - Encuesta de Condiciones de Vida","C. Industrias manufactureras","2016","6.8","17.3"
"Suriname","EIGH - Encuesta de Condiciones de Vida","D. Suministro de electricidad, gas; vapor y aire acondicionado","2016",,"0.9"
"Suriname","EIGH - Encuesta de Condiciones de Vida","E. Suministro de agua; evacuación de aguas residuales, gestión de desechos y descontaminación","2016",,"1.1"
"Suriname","EIGH - Encuesta de Condiciones de Vida","F. Construcción","2016","0.8","14.8"
"Suriname","EIGH - Encuesta de Condiciones de Vida","G. Comercio al por mayor y al por menor; reparación de vehículos automotores y motocicletas","2016","8.7","12.8"
"Suriname","EIGH - Encuesta de Condiciones de Vida","H. Transporte y almacenamiento","2016","1.9","9.4"
"Suriname","EIGH - Encuesta de Condiciones de Vida","I. Actividades de alojamiento y de servicio de comidas","2016","3.1","1.1"
"Suriname","EIGH - Encuesta de Condiciones de Vida","J. Información y comunicaciones","2016","1.7","3.2"
"Suriname","EIGH - Encuesta de Condiciones de Vida","K. Actividades financieras y de seguros","2016","2.6","2.4"
"Suriname","EIGH - Encuesta de Condiciones de Vida","L. Actividades inmobiliarias","2016",,
"Suriname","EIGH - Encuesta de Condiciones de Vida","M. Actividades profesionales, científicas y técnicas","2016","1.7","2.2"
"Suriname","EIGH - Encuesta de Condiciones de Vida","N. Actividades de servicios administrativos y de apoyo","2016","6.9","10.4"
"Suriname","EIGH - Encuesta de Condiciones de Vida","O. Administración pública y defensa; planes de seguridad social de afiliación obligatoria","2016","6.7","9.6"
"Suriname","EIGH - Encuesta de Condiciones de Vida","P. Enseñanza","2016","16","3.6"
"Suriname","EIGH - Encuesta de Condiciones de Vida","Q. Actividades de atención de la salud humana y de asistencia social","2016","6.9","2.7"
"Suriname","EIGH - Encuesta de Condiciones de Vida","R. Actividades artísticas, de entretenimiento y recreativas","2016","2","1.9"
"Suriname","EIGH - Encuesta de Condiciones de Vida","S. Otras actividades de servicios","2016","1.4","2.5"
"Suriname","EIGH - Encuesta de Condiciones de Vida","T. Actividades de los hogares como empleadores; actividades no diferenciadas de los hogares como productores de bienes y servicios para uso propio","2016","1.8","0.9"
"Suriname","EIGH - Encuesta de Condiciones de Vida","U. Actividades de organizaciones y órganos extraterritoriales","2016",,
"Suriname","EIGH - Encuesta de Condiciones de Vida","X. No clasificados en otra parte","2016","1.5","2"
"Trinidad y Tabago","EFT - Encuesta por Muestreo Continuo a la Población","Total","2024","250","315.5"
"Trinidad y Tabago","EFT - Encuesta por Muestreo Continuo a la Población","A. Agricultura; ganadería; silvicultura y pesca","2024","5.1","23.7"
"Trinidad y Tabago","EFT - Encuesta por Muestreo Continuo a la Población","B. Explotación de minas y canteras","2024","1.4","7.1"
"Trinidad y Tabago","EFT - Encuesta por Muestreo Continuo a la Población","C. Industrias manufactureras","2024","12.3","25.9"
"Trinidad y Tabago","EFT - Encuesta por Muestreo Continuo a la Población","D. Suministro de electricidad, gas; vapor y aire acondicionado","2024","0.7","2.4"
"Trinidad y Tabago","EFT - Encuesta por Muestreo Continuo a la Población","E. Suministro de agua; evacuación de aguas residuales, gestión de desechos y descontaminación","2024","13.8","15.8"
"Trinidad y Tabago","EFT - Encuesta por Muestreo Continuo a la Población","F. Construcción","2024","8.1","51.8"
"Trinidad y Tabago","EFT - Encuesta por Muestreo Continuo a la Población","G. Comercio al por mayor y al por menor; reparación de vehículos automotores y motocicletas","2024","40.5","37"
"Trinidad y Tabago","EFT - Encuesta por Muestreo Continuo a la Población","H. Transporte y almacenamiento","2024","6.7","28.5"
"Trinidad y Tabago","EFT - Encuesta por Muestreo Continuo a la Población","I. Actividades de alojamiento y de servicio de comidas","2024","23.8","11.6"
"Trinidad y Tabago","EFT - Encuesta por Muestreo Continuo a la Población","J. Información y comunicaciones","2024","23.9","24.1"
"Trinidad y Tabago","EFT - Encuesta por Muestreo Continuo a la Población","K. Actividades financieras y de seguros","2024","12.4","4.7"
"Trinidad y Tabago","EFT - Encuesta por Muestreo Continuo a la Población","O. Administración pública y defensa; planes de seguridad social de afiliación obligatoria","2024","26.5","29.9"
"Trinidad y Tabago","EFT - Encuesta por Muestreo Continuo a la Población","P. Enseñanza","2024","49.5","17.2"
"Trinidad y Tabago","EFT - Encuesta por Muestreo Continuo a la Población","R. Actividades artísticas, de entretenimiento y recreativas","2024","3.8","3.8"
"Trinidad y Tabago","EFT - Encuesta por Muestreo Continuo a la Población","S. Otras actividades de servicios","2024","21","31.8"
"Trinidad y Tabago","EFT - Encuesta por Muestreo Continuo a la Población","U. Actividades de organizaciones y órganos extraterritoriales","2024","0.5",
"Uruguay","EFT - Encuesta Continua de Hogares","Total","2024","780.4","957.1"
"Uruguay","EFT - Encuesta Continua de Hogares","A. Agricultura; ganadería; silvicultura y pesca","2024","28.8","112.3"
"Uruguay","EFT - Encuesta Continua de Hogares","B. Explotación de minas y canteras","2024","0.1","2.6"
"Uruguay","EFT - Encuesta Continua de Hogares","C. Industrias manufactureras","2024","58.2","111.2"
"Uruguay","EFT - Encuesta Continua de Hogares","D. Suministro de electricidad, gas; vapor y aire acondicionado","2024","1","7.4"
"Uruguay","EFT - Encuesta Continua de Hogares","E. Suministro de agua; evacuación de aguas residuales, gestión de desechos y descontaminación","2024","2.3","9.6"
"Uruguay","EFT - Encuesta Continua de Hogares","F. Construcción","2024","5.8","121.6"
"Uruguay","EFT - Encuesta Continua de Hogares","G. Comercio al por mayor y al por menor; reparación de vehículos automotores y motocicletas","2024","134.2","176.1"
"Uruguay","EFT - Encuesta Continua de Hogares","H. Transporte y almacenamiento","2024","14.4","69"
"Uruguay","EFT - Encuesta Continua de Hogares","I. Actividades de alojamiento y de servicio de comidas","2024","40","27.8"
"Uruguay","EFT - Encuesta Continua de Hogares","J. Información y comunicaciones","2024","13.7","31.9"
"Uruguay","EFT - Encuesta Continua de Hogares","K. Actividades financieras y de seguros","2024","15","12.3"
"Uruguay","EFT - Encuesta Continua de Hogares","L. Actividades inmobiliarias","2024","5","5.7"
"Uruguay","EFT - Encuesta Continua de Hogares","M. Actividades profesionales, científicas y técnicas","2024","38","33.2"
"Uruguay","EFT - Encuesta Continua de Hogares","N. Actividades de servicios administrativos y de apoyo","2024","40.5","46.6"
"Uruguay","EFT - Encuesta Continua de Hogares","O. Administración pública y defensa; planes de seguridad social de afiliación obligatoria","2024","50.9","64"
"Uruguay","EFT - Encuesta Continua de Hogares","P. Enseñanza","2024","84","31.5"
"Uruguay","EFT - Encuesta Continua de Hogares","Q. Actividades de atención de la salud humana y de asistencia social","2024","117.1","39"
"Uruguay","EFT - Encuesta Continua de Hogares","R. Actividades artísticas, de entretenimiento y recreativas","2024","10.8","21.2"
"Uruguay","EFT - Encuesta Continua de Hogares","S. Otras actividades de servicios","2024","34.8","22.9"
"Uruguay","EFT - Encuesta Continua de Hogares","T. Actividades de los hogares como empleadores; actividades no diferenciadas de los hogares como productores de bienes y servicios para uso propio","2024","84.7","10.1"
"Uruguay","EFT - Encuesta Continua de Hogares","U. Actividades de organizaciones y órganos extraterritoriales","2024","1.2","1"
